frame,accuracy,ARI,NMI
0.0,0.23333333333333334,-0.014323392949964384,0.006280073522784156
1.0,0.23333333333333334,-0.01874915782786964,0.0029940052616309956
2.0,0.23333333333333334,-0.01874915782786964,0.0029940052616309956
3.0,0.23333333333333334,-0.01874915782786964,0.0029940052616309956
4.0,0.23333333333333334,-0.01874915782786964,0.0029940052616309956
5.0,0.23333333333333334,-0.01874915782786964,0.0029940052616309956
6.0,0.23333333333333334,-0.021138555724544213,0.0008512931769464777
7.0,0.23333333333333334,-0.017868145409735057,0.003352963063143736
8.0,0.23333333333333334,-0.017868145409735057,0.003352963063143736
9.0,0.23333333333333334,-0.014675012036591238,0.005910266963687211
10.0,0.23333333333333334,-0.014675012036591238,0.005910266963687211
11.0,0.21666666666666667,-0.019298549719766567,0.0026424733418532196
12.0,0.21666666666666667,-0.019298549719766567,0.0026424733418532196
13.0,0.21666666666666667,-0.019298549719766567,0.0026424733418532196
14.0,0.21666666666666667,-0.019298549719766567,0.0026424733418532196
15.0,0.2,-0.021610585720063944,0.0010347260852933589
16.0,0.2,-0.021610585720063944,0.0010347260852933589
17.0,0.21666666666666667,-0.018024957633646588,0.0042777450189999365
18.0,0.21666666666666667,-0.018024957633646588,0.0042777450189999365
19.0,0.21666666666666667,-0.017868145409735057,0.004608630821622073
20.0,0.21666666666666667,-0.014323392949964384,0.007586657906122925
21.0,0.21666666666666667,-0.008236471403279193,0.012313990871434494
22.0,0.21666666666666667,-0.008236471403279193,0.012313990871434494
23.0,0.21666666666666667,-0.008236471403279193,0.012313990871434494
24.0,0.21666666666666667,-0.008236471403279193,0.012313990871434494
25.0,0.21666666666666667,-0.008236471403279193,0.012313990871434494
26.0,0.21666666666666667,-0.008236471403279193,0.012313990871434494
27.0,0.21666666666666667,-0.008236471403279193,0.012313990871434494
28.0,0.21666666666666667,-0.008236471403279193,0.012313990871434494
29.0,0.21666666666666667,-0.008236471403279193,0.012313990871434494
30.0,0.2,0.008851771316412339,0.027145569013442103
31.0,0.2,0.008851771316412339,0.027145569013442103
32.0,0.2,0.008851771316412339,0.027145569013442103
33.0,0.2,0.008851771316412339,0.027145569013442103
34.0,0.21666666666666667,0.010310864881502001,0.033481811457546015
35.0,0.21666666666666667,0.010310864881502001,0.033481811457546015
36.0,0.21666666666666667,0.02258865179997306,0.04708641475682459
37.0,0.23333333333333334,0.027466292242888192,0.06106925317458942
38.0,0.21666666666666667,0.02258865179997306,0.04708641475682459
39.0,0.21666666666666667,0.02065742147679406,0.04223759909049681
40.0,0.23333333333333334,0.010615384615384615,0.035269410767823355
41.0,0.25,0.014417254570269699,0.0474968038350182
42.0,0.26666666666666666,0.007841177714142947,0.04246741181459644
43.0,0.26666666666666666,-0.0025372904813163156,0.02509551999885823
44.0,0.26666666666666666,-0.017534752263944166,0.004788867553617794
45.0,0.26666666666666666,-0.006926673465068401,0.013988043030046377
46.0,0.2833333333333333,-0.007848568790397045,0.010569039689801956
47.0,0.2833333333333333,-0.007848568790397045,0.010569039689801956
48.0,0.2833333333333333,-0.010728499740439523,0.0075270751117350486
49.0,0.2833333333333333,-0.006578061587582466,0.01070664142115936
50.0,0.26666666666666666,-0.011467492736613242,0.007575242397077244
51.0,0.25,-0.011778971072232807,0.007311051542577372
52.0,0.25,-0.011778971072232807,0.007311051542577372
53.0,0.26666666666666666,-0.006926673465068401,0.010560660312125346
54.0,0.2833333333333333,-0.003,0.013105554069446442
55.0,0.2833333333333333,-0.003,0.013105554069446442
56.0,0.3,0.019692307692307693,0.029686719855084833
57.0,0.3,0.027466292242888192,0.03829120835650825
58.0,0.2833333333333333,0.02258865179997306,0.03700106000085071
59.0,0.2833333333333333,0.037179585867138785,0.047229128344166364
60.0,0.2833333333333333,0.037179585867138785,0.047229128344166364
61.0,0.2833333333333333,0.026829878553419173,0.038347808159906495
62.0,0.26666666666666666,0.012861241071256666,0.028753605784909427
63.0,0.26666666666666666,0.0220241418477947,0.03662016466919726
64.0,0.26666666666666666,0.033308303971967115,0.049409284641181744
65.0,0.26666666666666666,0.04906510562092007,0.0607709609479088
66.0,0.26666666666666666,0.04906510562092007,0.0607709609479088
67.0,0.25,0.03304766490129995,0.04614132370874695
68.0,0.25,0.03304766490129995,0.04614132370874695
69.0,0.25,0.02160975327902005,0.03661192554436956
70.0,0.25,0.019525909379753903,0.0364486859116744
71.0,0.23333333333333334,-0.0009243034025919008,0.019716901599519013
72.0,0.23333333333333334,-0.0009243034025919008,0.019716901599519013
73.0,0.23333333333333334,-0.0009243034025919008,0.019716901599519013
74.0,0.23333333333333334,-0.0009243034025919008,0.019716901599519013
75.0,0.23333333333333334,-0.0009243034025919008,0.019716901599519013
76.0,0.23333333333333334,-0.0009243034025919008,0.019716901599519013
77.0,0.23333333333333334,-0.0009243034025919008,0.019716901599519013
78.0,0.23333333333333334,-0.007391865098461953,0.014676289123227547
79.0,0.23333333333333334,0.0018476817368208325,0.024861479664591728
80.0,0.23333333333333334,-0.007391865098461953,0.014676289123227547
81.0,0.21666666666666667,-0.008935449083346172,0.011175396531799395
82.0,0.21666666666666667,-0.008935449083346172,0.011175396531799395
83.0,0.21666666666666667,-0.008935449083346172,0.011175396531799395
84.0,0.21666666666666667,-0.008935449083346172,0.011175396531799395
85.0,0.21666666666666667,-0.008935449083346172,0.011175396531799395
86.0,0.21666666666666667,-0.008935449083346172,0.011175396531799395
87.0,0.2,-0.008935449083346172,0.010738369484960032
88.0,0.2,-0.0009243034025919008,0.016275531378971104
89.0,0.2,-0.0009243034025919008,0.016275531378971104
90.0,0.2,-0.0009243034025919008,0.016275531378971104
91.0,0.2,-0.0009243034025919008,0.016275531378971104
92.0,0.2,-0.0009243034025919008,0.016275531378971104
93.0,0.21666666666666667,-0.001001405819708437,0.016732348264035534
94.0,0.21666666666666667,-0.001001405819708437,0.016732348264035534
95.0,0.2,-0.008935449083346172,0.010738369484960032
96.0,0.2,-0.008935449083346172,0.010738369484960032
97.0,0.2,-0.008935449083346172,0.010738369484960032
98.0,0.21666666666666667,-0.001001405819708437,0.016732348264035534
99.0,0.21666666666666667,0.008279261412865587,0.024707629253668813
100.0,0.21666666666666667,-0.0005774894608173401,0.016539985536321397
101.0,0.2,-0.014401509463023932,0.005880068530237678
102.0,0.2,-0.014401509463023932,0.005880068530237678
103.0,0.2,-0.008469356328919002,0.01083679716348005
104.0,0.2,-0.008469356328919002,0.01083679716348005
105.0,0.2,-0.008469356328919002,0.01083679716348005
106.0,0.2,-0.01362088535754824,0.007566206267097142
107.0,0.2,-0.01362088535754824,0.007566206267097142
108.0,0.18333333333333332,-0.01692828562634657,0.005302122783306989
109.0,0.18333333333333332,-0.017084808373095273,0.0055169623673830435
110.0,0.18333333333333332,-0.01788702325313023,0.003084193281991167
111.0,0.2,-0.02019580311977073,0.0014796018239118841
112.0,0.2,-0.019842719529312235,0.0007617673660418889
113.0,0.2,-0.019842719529312235,0.0007617673660418889
114.0,0.2,-0.017221827128221883,0.0033462495066138805
115.0,0.2,-0.017221827128221883,0.0033462495066138805
116.0,0.18333333333333332,-0.012646793134598013,0.00648137911390389
117.0,0.16666666666666666,-0.00576557184863452,0.011273810623425123
118.0,0.16666666666666666,-0.00576557184863452,0.011273810623425123
119.0,0.15,0.0034205115394223564,0.017833032533612677
120.0,0.15,0.007535997846857758,0.0194561520603475
121.0,0.15,-0.0025372904813163156,0.012590177857786886
122.0,0.15,-0.0025372904813163156,0.012590177857786886
123.0,0.15,-0.0025372904813163156,0.012590177857786886
124.0,0.13333333333333333,0.007841177714142947,0.020074475143394204
125.0,0.13333333333333333,0.007841177714142947,0.020074475143394204
126.0,0.15,-0.0025372904813163156,0.012590177857786886
127.0,0.15,0.002730611695479107,0.016785176570371072
128.0,0.16666666666666666,-0.006461911264111391,0.01055446547827768
129.0,0.16666666666666666,0.0,0.016741942063438826
130.0,0.16666666666666666,0.008775474857109866,0.02516425814408988
131.0,0.18333333333333332,-0.0003464136563961433,0.01922907325686917
132.0,0.18333333333333332,-0.0003464136563961433,0.01922907325686917
133.0,0.18333333333333332,-0.0003464136563961433,0.01922907325686917
134.0,0.18333333333333332,-0.0003464136563961433,0.01922907325686917
135.0,0.18333333333333332,-0.008547008547008548,0.011169878128939045
136.0,0.18333333333333332,-0.008547008547008548,0.011169878128939045
137.0,0.18333333333333332,-0.007624622138359936,0.013380659776942786
138.0,0.18333333333333332,-0.007624622138359936,0.013380659776942786
139.0,0.18333333333333332,-0.007624622138359936,0.013380659776942786
140.0,0.18333333333333332,-0.007624622138359936,0.013380659776942786
141.0,0.18333333333333332,-0.007624622138359936,0.013380659776942786
142.0,0.18333333333333332,-0.007624622138359936,0.013380659776942786
143.0,0.18333333333333332,-0.007624622138359936,0.013380659776942786
144.0,0.18333333333333332,-0.007624622138359936,0.013380659776942786
145.0,0.18333333333333332,-0.007624622138359936,0.013380659776942786
146.0,0.18333333333333332,-0.004390694808195964,0.0172478168685395
147.0,0.18333333333333332,-0.004390694808195964,0.0172478168685395
148.0,0.18333333333333332,-0.004390694808195964,0.0172478168685395
149.0,0.18333333333333332,-0.004390694808195964,0.0172478168685395
150.0,0.18333333333333332,-0.004390694808195964,0.0172478168685395
151.0,0.18333333333333332,-0.004390694808195964,0.0172478168685395
152.0,0.18333333333333332,-0.004390694808195964,0.0172478168685395
153.0,0.18333333333333332,-0.004390694808195964,0.0172478168685395
154.0,0.18333333333333332,-0.004390694808195964,0.0172478168685395
155.0,0.18333333333333332,-0.004390694808195964,0.0172478168685395
156.0,0.16666666666666666,0.0013479424621131886,0.020901200486918407
157.0,0.16666666666666666,-0.007508230175384556,0.012958995091459253
158.0,0.16666666666666666,-0.007508230175384556,0.012958995091459253
159.0,0.15,-0.0005774894608173401,0.017430124122723323
160.0,0.15,-0.0005774894608173401,0.017430124122723323
161.0,0.15,-0.0005774894608173401,0.017430124122723323
162.0,0.15,0.0015786535240552143,0.02033662114273211
163.0,0.15,0.0015786535240552143,0.02033662114273211
164.0,0.15,0.0015786535240552143,0.02033662114273211
165.0,0.15,0.0015786535240552143,0.02033662114273211
166.0,0.15,-0.007741040996707169,0.012027081635376734
167.0,0.15,-0.007741040996707169,0.012027081635376734
168.0,0.15,0.0011556017796267406,0.019442864596624525
169.0,0.15,0.0011556017796267406,0.019442864596624525
170.0,0.15,-0.0010399614829080404,0.017047609891664494
171.0,0.15,-0.0010399614829080404,0.017047609891664494
172.0,0.15,-0.0010399614829080404,0.017047609891664494
173.0,0.13333333333333333,0.008164680056228456,0.023372850193168957
174.0,0.13333333333333333,0.008164680056228456,0.023372850193168957
175.0,0.13333333333333333,0.008164680056228456,0.023372850193168957
176.0,0.13333333333333333,0.01933706977908746,0.03261714534116166
177.0,0.13333333333333333,0.01933706977908746,0.03261714534116166
178.0,0.13333333333333333,0.021572064176890927,0.034729523737268515
179.0,0.13333333333333333,0.021572064176890927,0.034729523737268515
180.0,0.13333333333333333,0.01933706977908746,0.03261714534116166
181.0,0.13333333333333333,0.007820777069327529,0.023617114300000068
182.0,0.13333333333333333,0.007820777069327529,0.023617114300000068
183.0,0.15,-0.00134851374520796,0.017077506273515997
184.0,0.15,-0.00134851374520796,0.017077506273515997
185.0,0.13333333333333333,0.007820777069327529,0.023617114300000068
186.0,0.13333333333333333,0.019110366217804233,0.032714577783743974
187.0,0.13333333333333333,0.019110366217804233,0.032714577783743974
188.0,0.11666666666666667,0.03282414809392638,0.04287555371336226
189.0,0.13333333333333333,0.019072572100102107,0.033002642929588696
190.0,0.13333333333333333,0.019072572100102107,0.033002642929588696
191.0,0.13333333333333333,0.03282414809392638,0.04385456905355438
192.0,0.15,0.032712350935326644,0.04572651246739638
193.0,0.15,0.032712350935326644,0.04572651246739638
194.0,0.16666666666666666,0.012252682682489838,0.02984195400793365
195.0,0.16666666666666666,0.012252682682489838,0.02984195400793365
196.0,0.18333333333333332,0.0010016758808005701,0.02111787706790823
197.0,0.2,-0.00462285229986902,0.01702065779234194
198.0,0.2,0.012252682682489838,0.03185541880118914
199.0,0.2,0.012252682682489838,0.03185541880118914
200.0,0.2,0.012252682682489838,0.03185541880118914
201.0,0.21666666666666667,0.008938203112960395,0.02901159528093236
202.0,0.21666666666666667,0.008938203112960395,0.02901159528093236
203.0,0.21666666666666667,0.008938203112960395,0.02901159528093236
204.0,0.21666666666666667,0.019072572100102107,0.03666859097095656
205.0,0.21666666666666667,0.019072572100102107,0.03666859097095656
206.0,0.21666666666666667,0.032712350935326644,0.05045451914088582
207.0,0.2,0.03606658446362515,0.053054902937090594
208.0,0.2,0.03606658446362515,0.053054902937090594
209.0,0.2,0.048515442862372596,0.06232306308921169
210.0,0.21666666666666667,0.03151972872996301,0.04864377710122947
211.0,0.21666666666666667,0.032712350935326644,0.05045451914088582
212.0,0.21666666666666667,0.019072572100102107,0.03855698328200998
213.0,0.21666666666666667,0.031668978270920016,0.05284932022524515
214.0,0.21666666666666667,0.04635212977055118,0.06486519685523287
215.0,0.21666666666666667,0.06334771886559802,0.0786842393815367
216.0,0.21666666666666667,0.06334771886559802,0.0786842393815367
217.0,0.21666666666666667,0.06334771886559802,0.0786842393815367
218.0,0.2,0.06334771886559802,0.07778347335365755
219.0,0.2,0.06334771886559802,0.07778347335365755
220.0,0.2,0.08261883200709043,0.09275258358103496
221.0,0.2,0.08261883200709043,0.09275258358103496
222.0,0.2,0.08261883200709043,0.09275258358103496
223.0,0.21666666666666667,0.0803452727307759,0.09131944922911432
224.0,0.23333333333333334,0.08261883200709043,0.09275258358103498
225.0,0.23333333333333334,0.08261883200709043,0.09275258358103498
226.0,0.23333333333333334,0.08261883200709043,0.09275258358103498
227.0,0.23333333333333334,0.08261883200709043,0.09275258358103498
228.0,0.23333333333333334,0.10420038535645472,0.10982246004432081
229.0,0.23333333333333334,0.10420038535645472,0.10982246004432081
230.0,0.23333333333333334,0.10420038535645472,0.10982246004432081
231.0,0.23333333333333334,0.10420038535645472,0.10982246004432081
232.0,0.23333333333333334,0.12809001753338087,0.12941318232548357
233.0,0.23333333333333334,0.10990154332286468,0.11705982417484208
234.0,0.23333333333333334,0.10990154332286468,0.11705982417484208
235.0,0.23333333333333334,0.10990154332286468,0.11705982417484208
236.0,0.23333333333333334,0.10990154332286468,0.11705982417484208
237.0,0.21666666666666667,0.10426942046855733,0.11298704830002526
238.0,0.21666666666666667,0.10426942046855733,0.11298704830002526
239.0,0.21666666666666667,0.10426942046855733,0.11298704830002526
240.0,0.2,0.10094588606985301,0.10999475268539352
241.0,0.2,0.10094588606985301,0.10999475268539352
242.0,0.2,0.08283089014312407,0.09752707311352249
243.0,0.21666666666666667,0.08727146627622479,0.10132473321812703
244.0,0.21666666666666667,0.08727146627622479,0.10132473321812703
245.0,0.21666666666666667,0.08727146627622479,0.10132473321812703
246.0,0.21666666666666667,0.08727146627622479,0.10132473321812703
247.0,0.21666666666666667,0.08727146627622479,0.10132473321812703
248.0,0.21666666666666667,0.08727146627622479,0.10132473321812703
249.0,0.23333333333333334,0.11000443100159901,0.12657844365364396
250.0,0.21666666666666667,0.08727146627622479,0.10132473321812703
251.0,0.21666666666666667,0.08727146627622479,0.10132473321812703
252.0,0.21666666666666667,0.08727146627622479,0.10132473321812703
253.0,0.2,0.053172019188163444,0.0666077379976824
254.0,0.2,0.053172019188163444,0.0666077379976824
255.0,0.18333333333333332,0.04873538420048928,0.0625555006014008
256.0,0.18333333333333332,0.04873538420048928,0.0625555006014008
257.0,0.18333333333333332,0.03621513330251194,0.05112984657952822
258.0,0.16666666666666666,0.021572064176890927,0.03798411192061712
259.0,0.15,0.01945038226741387,0.03503315794359809
260.0,0.16666666666666666,0.021572064176890927,0.03798411192061712
261.0,0.16666666666666666,0.021572064176890927,0.03798411192061712
262.0,0.16666666666666666,0.01251901927928969,0.030658162840306265
263.0,0.16666666666666666,0.01251901927928969,0.030658162840306265
264.0,0.16666666666666666,0.01251901927928969,0.030658162840306265
265.0,0.16666666666666666,0.01251901927928969,0.030658162840306265
266.0,0.18333333333333332,-0.0042359827479975356,0.016813153299295523
267.0,0.18333333333333332,-0.007741040996707169,0.012027081635376732
268.0,0.2,-0.012129613585167216,0.008882192649568858
269.0,0.2,-0.012129613585167216,0.008882192649568858
270.0,0.21666666666666667,-0.014206240736106567,0.00766340238833764
271.0,0.21666666666666667,-0.014206240736106567,0.00766340238833764
272.0,0.23333333333333334,-0.018474683909704984,0.0036372281022178823
273.0,0.25,-0.02043132803632236,0.0013100344533572622
274.0,0.25,-0.02043132803632236,0.0013100344533572622
275.0,0.25,-0.018513885414060547,0.0033633641987232937
276.0,0.25,-0.018513885414060547,0.0033633641987232937
277.0,0.25,-0.018513885414060547,0.0033633641987232937
278.0,0.25,-0.018513885414060547,0.0033633641987232937
279.0,0.25,-0.018513885414060547,0.0033633641987232937
280.0,0.25,-0.020784819383768596,0.0009674043354757691
281.0,0.25,-0.020784819383768596,0.0009674043354757691
282.0,0.25,-0.018474683909704984,0.003637228102217882
283.0,0.26666666666666666,-0.017084808373095273,0.004043356329311412
284.0,0.26666666666666666,-0.017084808373095273,0.004043356329311412
285.0,0.26666666666666666,-0.017084808373095273,0.004043356329311412
286.0,0.26666666666666666,-0.017084808373095273,0.004043356329311412
287.0,0.26666666666666666,-0.017084808373095273,0.004043356329311412
288.0,0.26666666666666666,-0.017084808373095273,0.004043356329311412
289.0,0.23333333333333334,-0.021020616373751178,0.0011940925590394837
290.0,0.23333333333333334,-0.021020616373751178,0.0011940925590394837
291.0,0.25,-0.020784819383768596,0.0009674043354757691
292.0,0.26666666666666666,-0.017084808373095273,0.004043356329311412
293.0,0.26666666666666666,-0.017084808373095273,0.004043356329311412
294.0,0.25,-0.020784819383768596,0.0009674043354757691
295.0,0.25,-0.02074553047360622,0.0008933890900199653
296.0,0.25,-0.02074553047360622,0.0008933890900199653
297.0,0.23333333333333334,-0.018945301218737366,0.0030908965995641944
298.0,0.23333333333333334,-0.018945301218737366,0.0030908965995641944
299.0,0.23333333333333334,-0.018945301218737366,0.0030908965995641944
300.0,0.23333333333333334,-0.014557778590822438,0.006571303770312013
301.0,0.23333333333333334,-0.014557778590822438,0.006571303770312013
302.0,0.23333333333333334,-0.014557778590822438,0.006571303770312013
303.0,0.23333333333333334,-0.014557778590822438,0.006571303770312013
304.0,0.23333333333333334,-0.014557778590822438,0.006571303770312013
305.0,0.23333333333333334,-0.014557778590822438,0.006571303770312013
306.0,0.21666666666666667,-0.014557778590822438,0.007146135470514084
307.0,0.23333333333333334,-0.00878003696857671,0.011791652471024516
308.0,0.23333333333333334,-0.007857486759749639,0.01160561032643408
309.0,0.23333333333333334,-0.007857486759749639,0.01160561032643408
310.0,0.23333333333333334,-0.007857486759749639,0.01160561032643408
311.0,0.23333333333333334,-0.011934782190225028,0.0071849825452501275
312.0,0.23333333333333334,-0.011934782190225028,0.0071849825452501275
313.0,0.25,-0.007508230175384556,0.01068667254367586
314.0,0.25,-0.007508230175384556,0.01068667254367586
315.0,0.25,-0.014206240736106567,0.005822279931572063
316.0,0.25,-0.014206240736106567,0.005822279931572063
317.0,0.26666666666666666,-0.007236753469214928,0.010759310277846093
318.0,0.25,-0.014206240736106567,0.005822279931572063
319.0,0.25,-0.014206240736106567,0.005822279931572063
320.0,0.25,-0.014206240736106567,0.005822279931572063
321.0,0.25,-0.014206240736106567,0.005822279931572063
322.0,0.25,-0.014206240736106567,0.005822279931572063
323.0,0.25,-0.014206240736106567,0.005822279931572063
324.0,0.25,-0.014206240736106567,0.005822279931572063
325.0,0.23333333333333334,-0.021020616373751178,0.0010861090820659988
326.0,0.23333333333333334,-0.021020616373751178,0.0010861090820659988
327.0,0.23333333333333334,-0.021020616373751178,0.0010861090820659988
328.0,0.23333333333333334,-0.021020616373751178,0.0010861090820659988
329.0,0.23333333333333334,-0.021020616373751178,0.0010861090820659988
330.0,0.25,-0.020549131279702922,0.0008392714204808883
331.0,0.2833333333333333,-0.011000634651999153,0.008004597450612664
332.0,0.2833333333333333,-0.011000634651999153,0.008004597450612664
333.0,0.2833333333333333,-0.011000634651999153,0.008004597450612664
334.0,0.3,-0.0027685918634161345,0.014799459049236232
335.0,0.31666666666666665,0.0077649003440389015,0.024249334008488225
336.0,0.31666666666666665,0.0077649003440389015,0.024249334008488225
337.0,0.3333333333333333,0.02858734702503314,0.04536250794186869
338.0,0.3333333333333333,0.02858734702503314,0.04536250794186869
339.0,0.3333333333333333,0.02858734702503314,0.04536250794186869
340.0,0.3333333333333333,0.03888120485630859,0.056550082428895684
341.0,0.3333333333333333,0.03888120485630859,0.056550082428895684
342.0,0.3333333333333333,0.03888120485630859,0.056550082428895684
343.0,0.3333333333333333,0.03888120485630859,0.056550082428895684
344.0,0.3333333333333333,0.03888120485630859,0.056550082428895684
345.0,0.3333333333333333,0.03888120485630859,0.056550082428895684
346.0,0.3333333333333333,0.03888120485630859,0.056550082428895684
347.0,0.3333333333333333,0.03888120485630859,0.056550082428895684
348.0,0.3333333333333333,0.03888120485630859,0.056550082428895684
349.0,0.3333333333333333,0.03888120485630859,0.056550082428895684
350.0,0.3333333333333333,0.03888120485630859,0.056550082428895684
351.0,0.3333333333333333,0.03888120485630859,0.056550082428895684
352.0,0.3333333333333333,0.05125742060671265,0.07648170043847308
353.0,0.3333333333333333,0.05125742060671265,0.07648170043847308
354.0,0.3333333333333333,0.05125742060671265,0.07648170043847308
355.0,0.3333333333333333,0.05125742060671265,0.07648170043847308
356.0,0.3333333333333333,0.06608268019056401,0.09451489789724946
357.0,0.3333333333333333,0.06907155074664155,0.08962098813816209
358.0,0.3333333333333333,0.08505159591844579,0.10792107343142024
359.0,0.3333333333333333,0.08505159591844579,0.10792107343142024
360.0,0.35,0.10688489319194713,0.13674493046495864
361.0,0.35,0.1121595910287702,0.13288922356834346
362.0,0.35,0.1121595910287702,0.13288922356834346
363.0,0.35,0.0897965456955678,0.11701323374116675
364.0,0.35,0.0897965456955678,0.11701323374116675
365.0,0.35,0.07514983863531581,0.09044133399691136
366.0,0.35,0.07514983863531581,0.09044133399691136
367.0,0.35,0.07514983863531581,0.09044133399691136
368.0,0.35,0.07514983863531581,0.09044133399691136
369.0,0.35,0.07514983863531581,0.09044133399691136
370.0,0.35,0.056226596255400864,0.07658431812442233
371.0,0.35,0.056226596255400864,0.07658431812442233
372.0,0.35,0.056226596255400864,0.07658431812442233
373.0,0.35,0.045006816305370484,0.05783390909529245
374.0,0.35,0.045006816305370484,0.05783390909529245
375.0,0.35,0.045006816305370484,0.05783390909529245
376.0,0.35,0.045006816305370484,0.05783390909529245
377.0,0.35,0.045006816305370484,0.05783390909529245
378.0,0.35,0.045006816305370484,0.05783390909529245
379.0,0.35,0.045006816305370484,0.05783390909529245
380.0,0.35,0.045006816305370484,0.05783390909529245
381.0,0.36666666666666664,0.0534274967375451,0.06148016058337322
382.0,0.36666666666666664,0.0534274967375451,0.06148016058337322
383.0,0.36666666666666664,0.045666481186561005,0.050861541798294836
384.0,0.36666666666666664,0.045666481186561005,0.050861541798294836
385.0,0.36666666666666664,0.045666481186561005,0.050861541798294836
386.0,0.38333333333333336,0.0575296757243945,0.061868131934594214
387.0,0.36666666666666664,0.040208717004297116,0.047253590931512
388.0,0.36666666666666664,0.040208717004297116,0.047253590931512
389.0,0.38333333333333336,0.0575296757243945,0.061868131934594214
390.0,0.38333333333333336,0.0575296757243945,0.061868131934594214
391.0,0.38333333333333336,0.0575296757243945,0.061868131934594214
392.0,0.38333333333333336,0.05322187925382005,0.06601935842782361
393.0,0.38333333333333336,0.05322187925382005,0.06601935842782361
394.0,0.36666666666666664,0.03705337450374945,0.05359679823064526
395.0,0.36666666666666664,0.03705337450374945,0.05359679823064526
396.0,0.36666666666666664,0.040208717004297116,0.047253590931512
397.0,0.36666666666666664,0.040208717004297116,0.047253590931512
398.0,0.36666666666666664,0.045666481186561005,0.050861541798294836
399.0,0.36666666666666664,0.040208717004297116,0.047253590931512
400.0,0.35,0.025177025963808025,0.03558663198205676
401.0,0.35,0.025177025963808025,0.03558663198205676
402.0,0.35,0.02317505995203837,0.04367245941636972
403.0,0.35,0.012159337181872232,0.036156551766524665
404.0,0.3333333333333333,0.002800959232613909,0.029989488011724207
405.0,0.31666666666666665,-0.004260137015217516,0.025655202007352718
406.0,0.31666666666666665,-0.004260137015217516,0.025655202007352718
407.0,0.31666666666666665,-0.004260137015217516,0.025655202007352718
408.0,0.3,-0.009021286397051766,0.02296676105942775
409.0,0.3,-0.009021286397051766,0.02296676105942775
410.0,0.3,-0.011053328471915718,0.021943753806515018
411.0,0.3,-0.011053328471915718,0.021943753806515018
412.0,0.3,-0.011053328471915718,0.021943753806515018
413.0,0.3,-0.011053328471915718,0.021943753806515018
414.0,0.31666666666666665,-0.004260137015217516,0.03351261459931335
415.0,0.3,-0.005681818181818182,0.0333969039592714
416.0,0.3,-0.005681818181818182,0.0333969039592714
417.0,0.3,-0.005681818181818182,0.0333969039592714
418.0,0.3,-0.005681818181818182,0.0333969039592714
419.0,0.3,-0.005681818181818182,0.0333969039592714
420.0,0.3,-0.005681818181818182,0.0333969039592714
421.0,0.2833333333333333,0.0014983575695871833,0.04572904587985486
422.0,0.2833333333333333,0.0014983575695871833,0.04572904587985486
423.0,0.2833333333333333,0.01145184843593882,0.06004797483669733
424.0,0.2833333333333333,0.010108969307939192,0.057698458387860106
425.0,0.2833333333333333,0.011071813009380286,0.05745980586064774
426.0,0.2833333333333333,0.011071813009380286,0.05745980586064774
427.0,0.2833333333333333,0.023152510432090455,0.07116612369217443
428.0,0.2833333333333333,0.02757851414504683,0.07385037552851095
429.0,0.2833333333333333,0.02757851414504683,0.07385037552851095
430.0,0.2833333333333333,0.02757851414504683,0.07385037552851095
431.0,0.2833333333333333,0.02757851414504683,0.07385037552851095
432.0,0.2833333333333333,0.02757851414504683,0.07385037552851095
433.0,0.2833333333333333,0.01152782047340916,0.04427774135248814
434.0,0.2833333333333333,0.023603129144482673,0.059563105922791695
435.0,0.2833333333333333,0.023603129144482673,0.059563105922791695
436.0,0.2833333333333333,0.08140720925309367,0.12373037797553922
437.0,0.2833333333333333,0.08140720925309367,0.12373037797553922
438.0,0.3,0.09503281307134197,0.1317980473517435
439.0,0.3,0.09503281307134197,0.1317980473517435
440.0,0.3,0.08420688196033929,0.11560230651321639
441.0,0.3,0.08420688196033929,0.11560230651321639
442.0,0.3,0.08420688196033929,0.11560230651321639
443.0,0.3,0.08420688196033929,0.11560230651321639
444.0,0.3,0.1055102354933046,0.13810652647811572
445.0,0.31666666666666665,0.12909682261696273,0.15673476468584108
446.0,0.31666666666666665,0.12909682261696273,0.15673476468584108
447.0,0.31666666666666665,0.155001155001155,0.18238044239853923
448.0,0.31666666666666665,0.18322198047634633,0.21107574257272887
449.0,0.31666666666666665,0.1762474242686849,0.18527035479612722
450.0,0.31666666666666665,0.20566651900075117,0.21672094071693532
451.0,0.31666666666666665,0.20566651900075117,0.21672094071693532
452.0,0.31666666666666665,0.20566651900075117,0.21672094071693532
453.0,0.31666666666666665,0.20566651900075117,0.21672094071693532
454.0,0.31666666666666665,0.20566651900075117,0.21672094071693532
455.0,0.31666666666666665,0.20566651900075117,0.21672094071693532
456.0,0.31666666666666665,0.20566651900075117,0.21672094071693532
457.0,0.31666666666666665,0.20566651900075117,0.21672094071693532
458.0,0.31666666666666665,0.213515179534597,0.22294037205201586
459.0,0.31666666666666665,0.213515179534597,0.22294037205201586
460.0,0.31666666666666665,0.213515179534597,0.22294037205201586
461.0,0.31666666666666665,0.213515179534597,0.22294037205201586
462.0,0.3333333333333333,0.257854487315316,0.27333684142315734
463.0,0.3333333333333333,0.2464312546957175,0.24408522492088747
464.0,0.3333333333333333,0.2464312546957175,0.24408522492088747
465.0,0.3333333333333333,0.2464312546957175,0.24408522492088747
466.0,0.3333333333333333,0.2464312546957175,0.24408522492088747
467.0,0.3333333333333333,0.2464312546957175,0.24408522492088747
468.0,0.3333333333333333,0.23066700052004083,0.2323217348168176
469.0,0.3333333333333333,0.23739718374973515,0.2377370480960913
470.0,0.3333333333333333,0.23739718374973515,0.2377370480960913
471.0,0.3333333333333333,0.23739718374973515,0.2377370480960913
472.0,0.35,0.2716049382716049,0.28034638009772017
473.0,0.35,0.2817628476770167,0.2876368482601318
474.0,0.35,0.2817628476770167,0.2876368482601318
475.0,0.35,0.2817628476770167,0.2876368482601318
476.0,0.35,0.23766151239144248,0.24627079341038915
477.0,0.35,0.23766151239144248,0.24627079341038915
478.0,0.35,0.24666345690900338,0.25343787649882815
479.0,0.35,0.24666345690900338,0.25343787649882815
480.0,0.35,0.24666345690900338,0.25343787649882815
481.0,0.35,0.24666345690900338,0.25343787649882815
482.0,0.35,0.24666345690900338,0.25343787649882815
483.0,0.35,0.24666345690900338,0.25343787649882815
484.0,0.35,0.24666345690900338,0.25343787649882815
485.0,0.35,0.24666345690900338,0.25343787649882815
486.0,0.35,0.24666345690900338,0.25343787649882815
487.0,0.35,0.24666345690900338,0.25343787649882815
488.0,0.35,0.24666345690900338,0.25343787649882815
489.0,0.35,0.24666345690900338,0.25343787649882815
490.0,0.35,0.24666345690900338,0.25343787649882815
491.0,0.35,0.24666345690900338,0.25343787649882815
492.0,0.35,0.24666345690900338,0.25343787649882815
493.0,0.35,0.24666345690900338,0.25343787649882815
494.0,0.35,0.24666345690900338,0.25343787649882815
495.0,0.35,0.21387861983980283,0.22327897804516145
496.0,0.35,0.21387861983980283,0.22327897804516145
497.0,0.35,0.21387861983980283,0.22327897804516145
498.0,0.35,0.21387861983980283,0.22327897804516145
499.0,0.35,0.21387861983980283,0.22327897804516145
500.0,0.35,0.21387861983980283,0.22327897804516145
501.0,0.35,0.21387861983980283,0.22327897804516145
502.0,0.35,0.21387861983980283,0.22327897804516145
503.0,0.35,0.21387861983980283,0.22327897804516145
504.0,0.35,0.21387861983980283,0.22327897804516145
505.0,0.35,0.21387861983980283,0.22327897804516145
506.0,0.35,0.21387861983980283,0.22327897804516145
507.0,0.35,0.21387861983980283,0.22327897804516145
508.0,0.35,0.21387861983980283,0.22327897804516145
509.0,0.35,0.21387861983980283,0.22327897804516145
510.0,0.35,0.21387861983980283,0.22327897804516145
511.0,0.35,0.21387861983980283,0.22327897804516145
512.0,0.35,0.21387861983980283,0.22327897804516145
513.0,0.35,0.21387861983980283,0.22327897804516145
514.0,0.35,0.21387861983980283,0.22327897804516145
515.0,0.35,0.21387861983980283,0.22327897804516145
516.0,0.35,0.21387861983980283,0.22327897804516145
517.0,0.35,0.21387861983980283,0.22327897804516145
518.0,0.35,0.21387861983980283,0.22327897804516145
519.0,0.35,0.23766151239144248,0.24627079341038915
520.0,0.35,0.23766151239144248,0.24627079341038915
521.0,0.35,0.23766151239144248,0.24627079341038915
522.0,0.35,0.23766151239144248,0.24627079341038915
523.0,0.35,0.23766151239144248,0.24627079341038915
524.0,0.35,0.23766151239144248,0.24627079341038915
525.0,0.35,0.23766151239144248,0.24627079341038915
526.0,0.35,0.2637498074256663,0.2739558553872658
527.0,0.35,0.2637498074256663,0.2739558553872658
528.0,0.35,0.2637498074256663,0.2739558553872658
529.0,0.35,0.2637498074256663,0.2739558553872658
530.0,0.35,0.2637498074256663,0.2739558553872658
531.0,0.35,0.2637498074256663,0.2739558553872658
532.0,0.35,0.2637498074256663,0.2739558553872658
533.0,0.35,0.2637498074256663,0.2739558553872658
534.0,0.35,0.2637498074256663,0.2739558553872658
535.0,0.35,0.2637498074256663,0.2739558553872658
536.0,0.35,0.2637498074256663,0.2739558553872658
537.0,0.35,0.2637498074256663,0.2739558553872658
538.0,0.3333333333333333,0.23066700052004083,0.2323217348168176
539.0,0.3333333333333333,0.23066700052004083,0.2323217348168176
540.0,0.31666666666666665,0.20566651900075117,0.21672094071693532
541.0,0.31666666666666665,0.20566651900075117,0.21672094071693532
542.0,0.31666666666666665,0.20566651900075117,0.21672094071693532
543.0,0.31666666666666665,0.20566651900075117,0.21672094071693532
544.0,0.31666666666666665,0.20566651900075117,0.21672094071693532
545.0,0.31666666666666665,0.18293880852866967,0.19131248388259614
546.0,0.3,0.154415164123902,0.16004446778210196
547.0,0.2833333333333333,0.1281908027818984,0.13448788845653106
548.0,0.2833333333333333,0.1281908027818984,0.13448788845653106
549.0,0.2833333333333333,0.1281908027818984,0.13448788845653106
550.0,0.2833333333333333,0.1281908027818984,0.13448788845653106
551.0,0.2833333333333333,0.1281908027818984,0.13448788845653106
552.0,0.26666666666666666,0.10426942046855733,0.11298704830002525
553.0,0.26666666666666666,0.10426942046855733,0.11298704830002525
554.0,0.26666666666666666,0.10426942046855733,0.11298704830002525
555.0,0.26666666666666666,0.10426942046855733,0.11298704830002525
556.0,0.23333333333333334,0.06334771886559802,0.0786842393815367
557.0,0.23333333333333334,0.06334771886559802,0.0786842393815367
558.0,0.23333333333333334,0.06334771886559802,0.0786842393815367
559.0,0.21666666666666667,0.04635212977055118,0.06486519685523287
560.0,0.2,0.03282414809392638,0.05346203903413899
561.0,0.2,0.03282414809392638,0.05346203903413899
562.0,0.2,0.03282414809392638,0.05346203903413899
563.0,0.2,0.03282414809392638,0.05346203903413899
564.0,0.2,0.036289390553971804,0.05531715926717335
565.0,0.18333333333333332,0.026117606271307228,0.0478617635103946
566.0,0.18333333333333332,0.026117606271307228,0.0478617635103946
567.0,0.18333333333333332,0.026117606271307228,0.0478617635103946
568.0,0.18333333333333332,0.026117606271307228,0.0478617635103946
569.0,0.15,0.006007278048404798,0.02908790233454623
570.0,0.15,0.006007278048404798,0.02908790233454623
571.0,0.15,0.006007278048404798,0.02908790233454623
572.0,0.15,0.006007278048404798,0.02908790233454623
573.0,0.16666666666666666,-0.004004004004004004,0.01934498495662302
574.0,0.16666666666666666,-0.004004004004004004,0.01934498495662302
575.0,0.18333333333333332,-0.007391865098461953,0.01682099909369997
576.0,0.18333333333333332,-0.007391865098461953,0.01682099909369997
577.0,0.2,-0.013932990781902507,0.00986228519748307
578.0,0.2,-0.013972017474644445,0.009944635507922062
579.0,0.2,-0.013972017474644445,0.009944635507922062
580.0,0.2,-0.013972017474644445,0.009944635507922062
581.0,0.21666666666666667,-0.017084808373095273,0.0055169623673830435
582.0,0.2,-0.013972017474644445,0.009944635507922062
583.0,0.2,-0.013972017474644445,0.009944635507922062
584.0,0.2,-0.011701083504936394,0.011423575096049092
585.0,0.2,-0.011701083504936394,0.011423575096049092
586.0,0.2,-0.003463136832384177,0.021924605460194306
587.0,0.2,0.0022701475595913734,0.025411651315975156
588.0,0.2,0.0022701475595913734,0.025411651315975156
589.0,0.2,0.0022701475595913734,0.025411651315975156
590.0,0.2,-0.00023091577347162623,0.018694269645294904
591.0,0.2,-0.00023091577347162623,0.018694269645294904
592.0,0.2,-0.00023091577347162623,0.018694269645294904
593.0,0.21666666666666667,0.008775474857109866,0.02516425814408988
594.0,0.21666666666666667,-0.0005774894608173401,0.016539985536321397
595.0,0.21666666666666667,0.008775474857109866,0.02516425814408988
596.0,0.21666666666666667,0.008775474857109866,0.02516425814408988
597.0,0.21666666666666667,0.008775474857109866,0.02516425814408988
598.0,0.21666666666666667,0.009701262704034493,0.023524334757056172
599.0,0.21666666666666667,0.020205130178767294,0.03268786714713926
600.0,0.21666666666666667,0.020205130178767294,0.03268786714713926
601.0,0.21666666666666667,0.02668001308976111,0.0356250402298386
602.0,0.21666666666666667,0.02668001308976111,0.0356250402298386
603.0,0.21666666666666667,0.02668001308976111,0.0356250402298386
604.0,0.21666666666666667,0.012937258148354927,0.025424365886515466
605.0,0.21666666666666667,0.018484288354898338,0.03051921767307657
606.0,0.21666666666666667,0.026342646973869174,0.03873216953924482
607.0,0.2,0.0061220953737750996,0.021473749508563417
608.0,0.2,0.0061220953737750996,0.021473749508563417
609.0,0.2,0.018786572220511243,0.03176518624087939
610.0,0.2,0.018786572220511243,0.03176518624087939
611.0,0.21666666666666667,0.02668001308976111,0.0356250402298386
612.0,0.2,0.013203225744365533,0.02583771307305207
613.0,0.21666666666666667,0.026829878553419173,0.038347808159906495
614.0,0.25,0.05408318417152645,0.058899432854065674
615.0,0.25,0.0675662669156288,0.07396728605592956
616.0,0.23333333333333334,0.04954096656850857,0.061468354718282735
617.0,0.23333333333333334,0.04954096656850857,0.061468354718282735
618.0,0.25,0.0675662669156288,0.07396728605592956
619.0,0.23333333333333334,0.047013072021254064,0.06196334807617245
620.0,0.25,0.06392483056069008,0.07370149499623184
621.0,0.25,0.06392483056069008,0.07370149499623184
622.0,0.25,0.06392483056069008,0.07370149499623184
623.0,0.25,0.06392483056069008,0.07370149499623184
624.0,0.23333333333333334,0.06284295038410442,0.08061545205457542
625.0,0.23333333333333334,0.047013072021254064,0.06196334807617245
626.0,0.23333333333333334,0.047013072021254064,0.06196334807617245
627.0,0.23333333333333334,0.047013072021254064,0.06196334807617245
628.0,0.23333333333333334,0.047013072021254064,0.06196334807617245
629.0,0.2,0.020129707676616055,0.04249091902483127
630.0,0.2,0.033717595889224614,0.059225079242604305
631.0,0.21666666666666667,0.03382916081359324,0.057254120585516384
632.0,0.23333333333333334,0.047269857766999636,0.06674837831737152
633.0,0.23333333333333334,0.047269857766999636,0.06674837831737152
634.0,0.23333333333333334,0.032637980140096993,0.05012649931885975
635.0,0.23333333333333334,0.032637980140096993,0.05012649931885975
636.0,0.23333333333333334,0.032637980140096993,0.05012649931885975
637.0,0.26666666666666666,0.06421311980289499,0.07136295457542671
638.0,0.2833333333333333,0.08346647673679955,0.0842030368322516
639.0,0.2833333333333333,0.08346647673679955,0.0842030368322516
640.0,0.3,0.10184561498046611,0.10202598299480711
641.0,0.3,0.10184561498046611,0.10202598299480711
642.0,0.3,0.12208127201678569,0.1232873493460185
643.0,0.3,0.12208127201678569,0.1232873493460185
644.0,0.31666666666666665,0.14591514591514593,0.13887160017289696
645.0,0.3333333333333333,0.16997363407170762,0.16493049996449713
646.0,0.3333333333333333,0.16997363407170762,0.16493049996449713
647.0,0.3,0.12231780305217174,0.13470172747602396
648.0,0.31666666666666665,0.1463752501154379,0.1691788527275624
649.0,0.3333333333333333,0.1701972101972102,0.1838206485057394
650.0,0.3333333333333333,0.1701972101972102,0.1838206485057394
651.0,0.3333333333333333,0.14548671885518646,0.15775570456076218
652.0,0.3333333333333333,0.14548671885518646,0.15775570456076218
653.0,0.35,0.17048448829650145,0.1735764105615204
654.0,0.3333333333333333,0.14548671885518646,0.15775570456076218
655.0,0.31666666666666665,0.12279048296820604,0.1436886301840628
656.0,0.35,0.1707396796708262,0.2165264149659081
657.0,0.35,0.1707396796708262,0.2165264149659081
658.0,0.3333333333333333,0.14690047684971544,0.2019959572443777
659.0,0.31666666666666665,0.12536291795650753,0.18906734906213934
660.0,0.31666666666666665,0.12536291795650753,0.18906734906213934
661.0,0.31666666666666665,0.12536291795650753,0.18906734906213934
662.0,0.3333333333333333,0.14690047684971544,0.2019959572443777
663.0,0.35,0.1707396796708262,0.2165264149659081
664.0,0.36666666666666664,0.19687764362070292,0.23286573803033617
665.0,0.36666666666666664,0.19687764362070292,0.23286573803033617
666.0,0.36666666666666664,0.19687764362070292,0.23286573803033617
667.0,0.35,0.1707396796708262,0.2165264149659081
668.0,0.35,0.1707396796708262,0.2165264149659081
669.0,0.35,0.14611082281035576,0.19043690185784212
670.0,0.35,0.12380165606808707,0.16614507997887948
671.0,0.35,0.12380165606808707,0.16614507997887948
672.0,0.35,0.14611082281035576,0.19043690185784212
673.0,0.3333333333333333,0.12339746669998271,0.176403682178148
674.0,0.3333333333333333,0.12339746669998271,0.176403682178148
675.0,0.3333333333333333,0.12339746669998271,0.176403682178148
676.0,0.3333333333333333,0.12339746669998271,0.176403682178148
677.0,0.3333333333333333,0.12339746669998271,0.176403682178148
678.0,0.3333333333333333,0.12339746669998271,0.176403682178148
679.0,0.3333333333333333,0.12339746669998271,0.176403682178148
680.0,0.35,0.1031918368915621,0.15819636631851267
681.0,0.3333333333333333,0.08494609190321527,0.1469616913572652
682.0,0.3333333333333333,0.08494609190321527,0.1469616913572652
683.0,0.3,0.044052355417171195,0.12079520185628073
684.0,0.3333333333333333,0.08494609190321527,0.1469616913572652
685.0,0.3333333333333333,0.06917888506696901,0.13565567375767176
686.0,0.3333333333333333,0.08494609190321527,0.1469616913572652
687.0,0.31666666666666665,0.06899998077994965,0.1373642759153526
688.0,0.31666666666666665,0.06899998077994965,0.1373642759153526
689.0,0.31666666666666665,0.06899998077994965,0.1373642759153526
690.0,0.31666666666666665,0.08906150858505259,0.15882367810346754
691.0,0.3,0.05535587291214177,0.12925285487299268
692.0,0.3,0.06896419166970996,0.13994957034903943
693.0,0.31666666666666665,0.08484056355353951,0.14946857427906812
694.0,0.31666666666666665,0.08484056355353951,0.14946857427906812
695.0,0.3,0.06896419166970996,0.13994957034903943
696.0,0.26666666666666666,0.04412584321488286,0.12494009119235001
697.0,0.26666666666666666,0.04412584321488286,0.12494009119235001
698.0,0.25,0.028811247911184525,0.10737002647494126
699.0,0.25,0.028811247911184525,0.10737002647494126
700.0,0.26666666666666666,0.03888120485630859,0.11375509977187685
701.0,0.26666666666666666,0.03888120485630859,0.11375509977187685
702.0,0.25,0.044382961553980055,0.12819376506685629
703.0,0.25,0.044382961553980055,0.12819376506685629
704.0,0.25,0.044382961553980055,0.12819376506685629
705.0,0.26666666666666666,0.05557370433713177,0.13526007604717868
706.0,0.26666666666666666,0.06932195899859742,0.14834286502411204
707.0,0.26666666666666666,0.06932195899859742,0.14834286502411204
708.0,0.26666666666666666,0.06932195899859742,0.14834286502411204
709.0,0.26666666666666666,0.06932195899859742,0.14834286502411204
710.0,0.26666666666666666,0.06932195899859742,0.14834286502411204
711.0,0.3,0.10159194032146428,0.1250680927726335
712.0,0.3,0.10159194032146428,0.1250680927726335
713.0,0.2833333333333333,0.08239613972355192,0.11315098935338744
714.0,0.2833333333333333,0.08239613972355192,0.11315098935338744
715.0,0.2833333333333333,0.08431255649364386,0.1200656172566679
716.0,0.26666666666666666,0.06478916589719914,0.08885477624370734
717.0,0.25,0.050162528129868635,0.07941236136129191
718.0,0.25,0.050162528129868635,0.07941236136129191
719.0,0.25,0.054374386700786946,0.08632149396049589
720.0,0.25,0.060896510576053275,0.09419338434584766
721.0,0.23333333333333334,0.05080440304826418,0.08744848422672591
722.0,0.25,0.053828234795833894,0.07709861893401727
723.0,0.25,0.053828234795833894,0.07709861893401727
724.0,0.25,0.06042633494444551,0.08390089265406138
725.0,0.25,0.06042633494444551,0.08390089265406138
726.0,0.25,0.06042633494444551,0.08390089265406138
727.0,0.25,0.06933610677760443,0.09177933420243785
728.0,0.25,0.06908509449592541,0.08401214959819034
729.0,0.25,0.059919465156156676,0.06956552583999596
730.0,0.23333333333333334,0.053099050151243665,0.06135026560140052
731.0,0.25,0.053281451659507255,0.05990561552574595
732.0,0.25,0.053281451659507255,0.05990561552574595
733.0,0.26666666666666666,0.060245372777874076,0.06361518997828897
734.0,0.26666666666666666,0.060245372777874076,0.06361518997828897
735.0,0.26666666666666666,0.07287012786935758,0.07282746479686882
736.0,0.26666666666666666,0.07287012786935758,0.07282746479686882
737.0,0.26666666666666666,0.0877986791689932,0.08434187529486072
738.0,0.26666666666666666,0.10502810502810503,0.09874290233418684
739.0,0.26666666666666666,0.07372633523164537,0.0684636417538092
740.0,0.26666666666666666,0.08878118208220337,0.08171399884772841
741.0,0.26666666666666666,0.08878118208220337,0.08171399884772841
742.0,0.26666666666666666,0.08878118208220337,0.08171399884772841
743.0,0.26666666666666666,0.08878118208220337,0.08171399884772841
744.0,0.26666666666666666,0.08878118208220337,0.08171399884772841
745.0,0.23333333333333334,0.08151326803548406,0.08307551410036876
746.0,0.23333333333333334,0.10110803324099724,0.10518289995525364
747.0,0.23333333333333334,0.10110803324099724,0.10518289995525364
748.0,0.23333333333333334,0.10110803324099724,0.10518289995525364
749.0,0.23333333333333334,0.10110803324099724,0.10518289995525364
750.0,0.23333333333333334,0.10110803324099724,0.10518289995525364
751.0,0.23333333333333334,0.10110803324099724,0.10518289995525364
752.0,0.23333333333333334,0.10110803324099724,0.10518289995525364
753.0,0.23333333333333334,0.10110803324099724,0.10518289995525364
754.0,0.23333333333333334,0.10110803324099724,0.10518289995525364
755.0,0.23333333333333334,0.12279048296820604,0.11958508800883519
756.0,0.23333333333333334,0.12279048296820604,0.11958508800883519
757.0,0.23333333333333334,0.12279048296820604,0.11958508800883519
758.0,0.23333333333333334,0.14676923076923076,0.1363030223958406
759.0,0.25,0.1503528099825037,0.13517469657938208
760.0,0.25,0.1503528099825037,0.13517469657938208
761.0,0.25,0.1503528099825037,0.13517469657938208
762.0,0.23333333333333334,0.14676923076923076,0.1363030223958406
763.0,0.23333333333333334,0.14676923076923076,0.1363030223958406
764.0,0.21666666666666667,0.14548671885518646,0.13852143570795025
765.0,0.21666666666666667,0.14548671885518646,0.13852143570795025
766.0,0.21666666666666667,0.14548671885518646,0.13852143570795025
767.0,0.2,0.14650661742074483,0.14177279869161635
768.0,0.2,0.14650661742074483,0.14177279869161635
769.0,0.21666666666666667,0.14548671885518646,0.13852143570795025
770.0,0.21666666666666667,0.14548671885518646,0.13852143570795025
771.0,0.23333333333333334,0.14676923076923076,0.1363030223958406
772.0,0.25,0.1503528099825037,0.13517469657938208
773.0,0.25,0.1503528099825037,0.13517469657938208
774.0,0.23333333333333334,0.14676923076923076,0.1363030223958406
775.0,0.23333333333333334,0.14676923076923076,0.1363030223958406
776.0,0.23333333333333334,0.14676923076923076,0.1363030223958406
777.0,0.21666666666666667,0.14548671885518646,0.13852143570795025
778.0,0.23333333333333334,0.14676923076923076,0.1363030223958406
779.0,0.21666666666666667,0.14548671885518646,0.13852143570795025
780.0,0.2,0.14650661742074483,0.14177279869161635
781.0,0.18333333333333332,0.14982973893303064,0.14604855147129409
782.0,0.2,0.14650661742074483,0.14177279869161635
783.0,0.2,0.14650661742074483,0.14177279869161635
784.0,0.2,0.14650661742074483,0.14177279869161635
785.0,0.2,0.1452894438138479,0.13249486294839066
786.0,0.18333333333333332,0.1463752501154379,0.13435064152135845
787.0,0.16666666666666666,0.14976430976430977,0.13729891743516237
788.0,0.16666666666666666,0.14976430976430977,0.13729891743516237
789.0,0.16666666666666666,0.14976430976430977,0.13729891743516237
790.0,0.15,0.15545636447591196,0.1413891010990062
791.0,0.13333333333333333,0.15558633425669438,0.13579624827025275
792.0,0.13333333333333333,0.1636437075647708,0.14000385682812969
793.0,0.13333333333333333,0.18438407260002693,0.157132685934157
794.0,0.13333333333333333,0.18438407260002693,0.157132685934157
795.0,0.13333333333333333,0.1774513008864873,0.1544438723278767
796.0,0.13333333333333333,0.1774513008864873,0.1544438723278767
797.0,0.13333333333333333,0.18416447102717465,0.1619837654864132
798.0,0.13333333333333333,0.20716304285137552,0.18126196334606146
799.0,0.13333333333333333,0.20716304285137552,0.18126196334606146
800.0,0.13333333333333333,0.21520836536982932,0.18511295331533384
801.0,0.13333333333333333,0.22554917071858244,0.19037501200754955
802.0,0.13333333333333333,0.22554917071858244,0.19037501200754955
803.0,0.13333333333333333,0.24857367885202758,0.2120311511348649
804.0,0.13333333333333333,0.2738705527715377,0.2429904158702835
805.0,0.13333333333333333,0.2738705527715377,0.2429904158702835
806.0,0.13333333333333333,0.2738705527715377,0.2429904158702835
807.0,0.13333333333333333,0.2738705527715377,0.2429904158702835
808.0,0.13333333333333333,0.2738705527715377,0.2429904158702835
809.0,0.13333333333333333,0.28424447174447176,0.245760815159861
810.0,0.13333333333333333,0.2969046842317361,0.25005818891369785
811.0,0.13333333333333333,0.28424447174447176,0.245760815159861
812.0,0.13333333333333333,0.2738705527715377,0.2429904158702835
813.0,0.13333333333333333,0.2657858349976955,0.2414475387219116
814.0,0.13333333333333333,0.2657858349976955,0.2414475387219116
815.0,0.15,0.27434426386783584,0.2553758521913479
816.0,0.15,0.2846838551258441,0.25899222282705786
817.0,0.15,0.2846838551258441,0.25899222282705786
818.0,0.15,0.2846838551258441,0.25899222282705786
819.0,0.15,0.2846838551258441,0.25899222282705786
820.0,0.15,0.27434426386783584,0.2553758521913479
821.0,0.15,0.27434426386783584,0.2553758521913479
822.0,0.15,0.2846838551258441,0.25899222282705786
823.0,0.15,0.2846838551258441,0.25899222282705786
824.0,0.16666666666666666,0.26135470388619414,0.23975901386487508
825.0,0.16666666666666666,0.26135470388619414,0.23975901386487508
826.0,0.2,0.1963947050822781,0.19543002482198124
827.0,0.2,0.21839344513362433,0.2478275427030465
828.0,0.2,0.2413898668299403,0.2520888288457326
829.0,0.2,0.2563072626766894,0.2569753118106212
830.0,0.2,0.2563072626766894,0.2569753118106212
831.0,0.2,0.2563072626766894,0.2569753118106212
832.0,0.2,0.2563072626766894,0.2569753118106212
833.0,0.21666666666666667,0.2227788080989618,0.23381685099998023
834.0,0.21666666666666667,0.20900032512861705,0.2298834244351403
835.0,0.23333333333333334,0.19156458424904924,0.2118724621682979
836.0,0.25,0.13518833489403176,0.15329736479155576
837.0,0.25,0.13518833489403176,0.15329736479155576
838.0,0.26666666666666666,0.11082459457910722,0.13517096235430245
839.0,0.26666666666666666,0.11082459457910722,0.13517096235430245
840.0,0.26666666666666666,0.11082459457910722,0.13517096235430245
841.0,0.2833333333333333,0.0887726465703213,0.11808318981616689
842.0,0.2833333333333333,0.0887726465703213,0.11808318981616689
843.0,0.3,0.06903131022113679,0.10200102995746342
844.0,0.3,0.06206225309643314,0.1054100392342346
845.0,0.31666666666666665,0.045773573390296,0.09146468141207885
846.0,0.31666666666666665,0.045773573390296,0.09146468141207885
847.0,0.31666666666666665,0.045773573390296,0.09146468141207885
848.0,0.31666666666666665,0.05159887878267834,0.08691889658660437
849.0,0.31666666666666665,0.05159887878267834,0.08691889658660437
850.0,0.31666666666666665,0.05159887878267834,0.08691889658660437
851.0,0.31666666666666665,0.05159887878267834,0.08691889658660437
852.0,0.31666666666666665,0.05159887878267834,0.08691889658660437
853.0,0.31666666666666665,0.05159887878267834,0.08691889658660437
854.0,0.3333333333333333,0.036473121558015895,0.07286460905634415
855.0,0.3333333333333333,0.036473121558015895,0.07286460905634415
856.0,0.3333333333333333,0.036473121558015895,0.07286460905634415
857.0,0.3333333333333333,0.036473121558015895,0.07286460905634415
858.0,0.3333333333333333,0.036473121558015895,0.07286460905634415
859.0,0.3333333333333333,0.036473121558015895,0.07286460905634415
860.0,0.35,0.023651286348142366,0.05990992850770713
861.0,0.36666666666666664,0.01313010218644745,0.0481886595293314
862.0,0.36666666666666664,0.01313010218644745,0.0481886595293314
863.0,0.36666666666666664,0.01313010218644745,0.0481886595293314
864.0,0.36666666666666664,0.01313010218644745,0.0481886595293314
865.0,0.36666666666666664,0.01313010218644745,0.0481886595293314
866.0,0.36666666666666664,0.01313010218644745,0.0481886595293314
867.0,0.36666666666666664,0.01313010218644745,0.0481886595293314
868.0,0.38333333333333336,0.00844106463878327,0.02864949082055572
869.0,0.38333333333333336,0.00844106463878327,0.02864949082055572
870.0,0.38333333333333336,0.00844106463878327,0.02864949082055572
871.0,0.36666666666666664,0.017807880367572915,0.04088972499834042
872.0,0.36666666666666664,0.017807880367572915,0.04088972499834042
873.0,0.36666666666666664,0.017807880367572915,0.04088972499834042
874.0,0.36666666666666664,0.017807880367572915,0.04088972499834042
875.0,0.36666666666666664,0.017807880367572915,0.04088972499834042
876.0,0.36666666666666664,0.017807880367572915,0.04088972499834042
877.0,0.36666666666666664,0.017807880367572915,0.04088972499834042
878.0,0.36666666666666664,0.017807880367572915,0.04088972499834042
879.0,0.36666666666666664,0.017807880367572915,0.04088972499834042
880.0,0.36666666666666664,0.017807880367572915,0.04088972499834042
881.0,0.36666666666666664,0.017807880367572915,0.04088972499834042
882.0,0.36666666666666664,0.017807880367572915,0.04088972499834042
883.0,0.36666666666666664,0.017807880367572915,0.04088972499834042
884.0,0.36666666666666664,0.017807880367572915,0.04088972499834042
885.0,0.36666666666666664,0.017807880367572915,0.04088972499834042
886.0,0.36666666666666664,0.017807880367572915,0.04088972499834042
887.0,0.36666666666666664,0.017807880367572915,0.04088972499834042
888.0,0.36666666666666664,0.017807880367572915,0.04088972499834042
889.0,0.36666666666666664,0.017807880367572915,0.04088972499834042
890.0,0.36666666666666664,0.017807880367572915,0.04088972499834042
891.0,0.36666666666666664,0.017807880367572915,0.04088972499834042
892.0,0.36666666666666664,0.01313010218644745,0.0481886595293314
893.0,0.36666666666666664,0.010734065432122263,0.05707830657720728
894.0,0.36666666666666664,0.010734065432122263,0.05707830657720728
895.0,0.36666666666666664,0.010734065432122263,0.05707830657720728
896.0,0.36666666666666664,0.010734065432122263,0.05707830657720728
897.0,0.36666666666666664,0.010734065432122263,0.05707830657720728
898.0,0.36666666666666664,0.002133170806033826,0.04556001535788243
899.0,0.36666666666666664,0.0031239880374116617,0.0587530057652518
900.0,0.36666666666666664,0.0031239880374116617,0.0587530057652518
901.0,0.36666666666666664,0.0031239880374116617,0.0587530057652518
902.0,0.36666666666666664,0.0031239880374116617,0.0587530057652518
903.0,0.36666666666666664,0.0031239880374116617,0.0587530057652518
904.0,0.36666666666666664,0.0031239880374116617,0.0587530057652518
905.0,0.36666666666666664,0.0031239880374116617,0.0587530057652518
906.0,0.36666666666666664,-0.0020968756552736424,0.05440108592198223
907.0,0.36666666666666664,0.0022877623777476977,0.0722238711385117
908.0,0.36666666666666664,0.0022877623777476977,0.0722238711385117
909.0,0.36666666666666664,0.0022877623777476977,0.0722238711385117
910.0,0.36666666666666664,0.0022877623777476977,0.0722238711385117
911.0,0.36666666666666664,0.00896108600735953,0.09347443866059445
912.0,0.36666666666666664,0.00896108600735953,0.09347443866059445
913.0,0.36666666666666664,0.008242544504016333,0.0964814580233896
914.0,0.36666666666666664,0.008242544504016333,0.0964814580233896
915.0,0.36666666666666664,0.009813842482100238,0.10131588865819706
916.0,0.36666666666666664,0.013679524655623698,0.10761852766018215
917.0,0.36666666666666664,0.013679524655623698,0.10761852766018215
918.0,0.36666666666666664,0.013679524655623698,0.10761852766018215
919.0,0.36666666666666664,0.013679524655623698,0.10761852766018215
920.0,0.36666666666666664,0.013679524655623698,0.10761852766018215
921.0,0.36666666666666664,0.013679524655623698,0.10761852766018215
922.0,0.36666666666666664,0.013679524655623698,0.10761852766018215
923.0,0.36666666666666664,0.013679524655623698,0.10761852766018215
924.0,0.36666666666666664,0.013679524655623698,0.10761852766018215
925.0,0.36666666666666664,0.013679524655623698,0.10761852766018215
926.0,0.36666666666666664,0.013679524655623698,0.10761852766018215
927.0,0.36666666666666664,0.013679524655623698,0.10761852766018215
928.0,0.36666666666666664,0.013679524655623698,0.10761852766018215
929.0,0.36666666666666664,0.013679524655623698,0.10761852766018215
930.0,0.36666666666666664,0.013679524655623698,0.10761852766018215
931.0,0.36666666666666664,0.013679524655623698,0.10761852766018215
932.0,0.36666666666666664,0.013679524655623698,0.10761852766018215
933.0,0.36666666666666664,0.013679524655623698,0.10761852766018215
934.0,0.36666666666666664,0.013679524655623698,0.10761852766018215
935.0,0.36666666666666664,0.013679524655623698,0.10761852766018215
936.0,0.36666666666666664,0.013679524655623698,0.10761852766018215
937.0,0.36666666666666664,0.013679524655623698,0.10761852766018215
938.0,0.36666666666666664,0.013679524655623698,0.10761852766018215
939.0,0.36666666666666664,0.013679524655623698,0.10761852766018215
940.0,0.36666666666666664,0.025985937022317333,0.13996591761023183
941.0,0.36666666666666664,0.025985937022317333,0.13996591761023183
942.0,0.36666666666666664,0.025985937022317333,0.13996591761023183
943.0,0.36666666666666664,0.040586245772266064,0.18204872647469006
944.0,0.36666666666666664,0.040586245772266064,0.18204872647469006
945.0,0.36666666666666664,0.040586245772266064,0.18204872647469006
946.0,0.36666666666666664,0.040586245772266064,0.18204872647469006
947.0,0.36666666666666664,0.040586245772266064,0.18204872647469006
948.0,0.36666666666666664,0.040586245772266064,0.18204872647469006
949.0,0.36666666666666664,0.040586245772266064,0.18204872647469006
950.0,0.36666666666666664,0.057479171443858446,0.2535688939955492
951.0,0.36666666666666664,0.057479171443858446,0.2535688939955492
952.0,0.36666666666666664,0.057479171443858446,0.2535688939955492
953.0,0.36666666666666664,0.057479171443858446,0.2535688939955492
954.0,0.36666666666666664,0.057479171443858446,0.2535688939955492
955.0,0.36666666666666664,0.057479171443858446,0.2535688939955492
956.0,0.36666666666666664,0.057479171443858446,0.2535688939955492
957.0,0.36666666666666664,0.057479171443858446,0.2535688939955492
958.0,0.36666666666666664,0.040586245772266064,0.18204872647469006
959.0,0.36666666666666664,0.040586245772266064,0.18204872647469006
960.0,0.36666666666666664,0.040586245772266064,0.18204872647469006
961.0,0.36666666666666664,0.040586245772266064,0.18204872647469006
962.0,0.36666666666666664,0.040586245772266064,0.18204872647469006
963.0,0.36666666666666664,0.040586245772266064,0.18204872647469006
964.0,0.36666666666666664,0.025985937022317333,0.13996591761023183
965.0,0.36666666666666664,0.025985937022317333,0.13996591761023183
966.0,0.36666666666666664,0.025985937022317333,0.13996591761023183
967.0,0.36666666666666664,0.025985937022317333,0.13996591761023183
968.0,0.36666666666666664,0.025985937022317333,0.13996591761023183
969.0,0.36666666666666664,0.025985937022317333,0.13996591761023183
970.0,0.36666666666666664,0.025985937022317333,0.13996591761023183
971.0,0.36666666666666664,0.025985937022317333,0.13996591761023183
972.0,0.36666666666666664,0.025985937022317333,0.13996591761023183
973.0,0.36666666666666664,0.025985937022317333,0.13996591761023183
974.0,0.36666666666666664,0.025985937022317333,0.13996591761023183
975.0,0.36666666666666664,0.025985937022317333,0.13996591761023183
976.0,0.36666666666666664,0.025985937022317333,0.13996591761023183
977.0,0.36666666666666664,0.025985937022317333,0.13996591761023183
978.0,0.36666666666666664,0.03319375131455669,0.15283121433141883
979.0,0.36666666666666664,0.03319375131455669,0.15283121433141883
980.0,0.36666666666666664,0.03319375131455669,0.15283121433141883
981.0,0.36666666666666664,0.03319375131455669,0.15283121433141883
982.0,0.36666666666666664,0.03319375131455669,0.15283121433141883
983.0,0.36666666666666664,0.03319375131455669,0.15283121433141883
984.0,0.36666666666666664,0.03319375131455669,0.15283121433141883
985.0,0.36666666666666664,0.01973118176777623,0.12104587121204625
986.0,0.36666666666666664,0.028086555570436413,0.13468182056006264
987.0,0.36666666666666664,0.028086555570436413,0.13468182056006264
988.0,0.36666666666666664,0.028086555570436413,0.13468182056006264
989.0,0.36666666666666664,0.028086555570436413,0.13468182056006264
990.0,0.36666666666666664,0.028086555570436413,0.13468182056006264
991.0,0.36666666666666664,0.028086555570436413,0.13468182056006264
992.0,0.36666666666666664,0.028086555570436413,0.13468182056006264
993.0,0.36666666666666664,0.028086555570436413,0.13468182056006264
994.0,0.36666666666666664,0.028086555570436413,0.13468182056006264
995.0,0.36666666666666664,0.028086555570436413,0.13468182056006264
996.0,0.36666666666666664,0.03319375131455669,0.15283121433141883
997.0,0.36666666666666664,0.03319375131455669,0.15283121433141883
998.0,0.36666666666666664,0.03319375131455669,0.15283121433141883
999.0,0.36666666666666664,0.03319375131455669,0.15283121433141883
1000.0,0.36666666666666664,0.03319375131455669,0.15283121433141883
1001.0,0.36666666666666664,0.03319375131455669,0.15283121433141883
1002.0,0.36666666666666664,0.040586245772266064,0.18204872647469006
1003.0,0.36666666666666664,0.040586245772266064,0.18204872647469006
1004.0,0.36666666666666664,0.040586245772266064,0.18204872647469006
1005.0,0.36666666666666664,0.040586245772266064,0.18204872647469006
1006.0,0.36666666666666664,0.040586245772266064,0.18204872647469006
1007.0,0.36666666666666664,0.040586245772266064,0.18204872647469006
1008.0,0.36666666666666664,0.040586245772266064,0.18204872647469006
1009.0,0.36666666666666664,0.040586245772266064,0.18204872647469006
1010.0,0.36666666666666664,0.04895118266822188,0.1942744912675747
1011.0,0.36666666666666664,0.059621529571589844,0.20690195796220404
1012.0,0.36666666666666664,0.059621529571589844,0.20690195796220404
1013.0,0.36666666666666664,0.059621529571589844,0.20690195796220404
1014.0,0.36666666666666664,0.059621529571589844,0.20690195796220404
1015.0,0.36666666666666664,0.059621529571589844,0.20690195796220404
1016.0,0.36666666666666664,0.059621529571589844,0.20690195796220404
1017.0,0.36666666666666664,0.059621529571589844,0.20690195796220404
1018.0,0.35,0.0658229786908158,0.21544480833805912
1019.0,0.35,0.0658229786908158,0.21544480833805912
1020.0,0.35,0.0658229786908158,0.21544480833805912
1021.0,0.35,0.0658229786908158,0.21544480833805912
1022.0,0.3333333333333333,0.055095785440613027,0.15722079938138064
1023.0,0.31666666666666665,0.046654271530160434,0.1285181717165993
1024.0,0.31666666666666665,0.045666481186561005,0.10946420815078066
1025.0,0.31666666666666665,0.045666481186561005,0.10946420815078066
1026.0,0.31666666666666665,0.045666481186561005,0.10946420815078066
1027.0,0.2833333333333333,0.03531423521048283,0.07900533925182945
1028.0,0.2833333333333333,0.03531423521048283,0.07900533925182945
1029.0,0.2833333333333333,0.03531423521048283,0.07900533925182945
1030.0,0.2833333333333333,0.003228968459897365,0.030450940204269222
1031.0,0.2833333333333333,0.003228968459897365,0.030450940204269222
1032.0,0.26666666666666666,-0.006539341834477718,0.016893342172137154
1033.0,0.26666666666666666,-0.006539341834477718,0.016893342172137154
1034.0,0.25,-0.011350737797956867,0.01186814669777132
1035.0,0.25,-0.017633017633017632,0.0037408813612723217
1036.0,0.25,-0.017633017633017632,0.0037408813612723217
1037.0,0.25,-0.017633017633017632,0.0037408813612723217
1038.0,0.25,-0.017633017633017632,0.0037408813612723217
1039.0,0.25,-0.01874915782786964,0.002553693241076546
1040.0,0.25,0.0012325469427058257,0.01768517756598783
1041.0,0.23333333333333334,-0.00462285229986902,0.013825739460837474
1042.0,0.23333333333333334,-0.00462285229986902,0.013825739460837474
1043.0,0.23333333333333334,-0.00462285229986902,0.013825739460837474
1044.0,0.23333333333333334,0.021722803165983014,0.03344005148249842
1045.0,0.23333333333333334,0.021722803165983014,0.03344005148249842
1046.0,0.23333333333333334,0.03651209366815591,0.04397351283811308
1047.0,0.23333333333333334,0.03651209366815591,0.04397351283811308
1048.0,0.23333333333333334,0.03651209366815591,0.04397351283811308
1049.0,0.23333333333333334,0.053609597350330246,0.05646271905558525
1050.0,0.23333333333333334,0.053609597350330246,0.05646271905558525
1051.0,0.23333333333333334,0.06745856034499355,0.06673262690892041
1052.0,0.23333333333333334,0.06745856034499355,0.06673262690892041
1053.0,0.23333333333333334,0.08360759859114268,0.07991997760696193
1054.0,0.23333333333333334,0.12489178738385179,0.1131583064594173
1055.0,0.23333333333333334,0.12489178738385179,0.1131583064594173
1056.0,0.23333333333333334,0.12489178738385179,0.1131583064594173
1057.0,0.23333333333333334,0.12489178738385179,0.1131583064594173
1058.0,0.23333333333333334,0.12489178738385179,0.1131583064594173
1059.0,0.23333333333333334,0.12489178738385179,0.1131583064594173
1060.0,0.23333333333333334,0.12489178738385179,0.1131583064594173
1061.0,0.23333333333333334,0.1292979046812768,0.11401268655307865
1062.0,0.23333333333333334,0.1292979046812768,0.11401268655307865
1063.0,0.23333333333333334,0.1292979046812768,0.11401268655307865
1064.0,0.23333333333333334,0.15002596603258256,0.13209039394133867
1065.0,0.23333333333333334,0.15002596603258256,0.13209039394133867
1066.0,0.23333333333333334,0.15002596603258256,0.13209039394133867
1067.0,0.23333333333333334,0.15002596603258256,0.13209039394133867
1068.0,0.23333333333333334,0.15002596603258256,0.13209039394133867
1069.0,0.23333333333333334,0.15002596603258256,0.13209039394133867
1070.0,0.23333333333333334,0.14676923076923076,0.1363030223958406
1071.0,0.23333333333333334,0.14676923076923076,0.1363030223958406
1072.0,0.23333333333333334,0.14676923076923076,0.1363030223958406
1073.0,0.23333333333333334,0.14676923076923076,0.1363030223958406
1074.0,0.23333333333333334,0.14676923076923076,0.1363030223958406
1075.0,0.23333333333333334,0.14676923076923076,0.1363030223958406
1076.0,0.23333333333333334,0.14676923076923076,0.1363030223958406
1077.0,0.23333333333333334,0.14676923076923076,0.1363030223958406
1078.0,0.23333333333333334,0.14676923076923076,0.1363030223958406
1079.0,0.23333333333333334,0.14676923076923076,0.1363030223958406
1080.0,0.23333333333333334,0.14676923076923076,0.1363030223958406
1081.0,0.23333333333333334,0.14676923076923076,0.1363030223958406
1082.0,0.23333333333333334,0.14676923076923076,0.1363030223958406
1083.0,0.23333333333333334,0.14676923076923076,0.1363030223958406
1084.0,0.23333333333333334,0.14676923076923076,0.1363030223958406
1085.0,0.23333333333333334,0.14676923076923076,0.1363030223958406
1086.0,0.23333333333333334,0.12556467580400224,0.11727349668601415
1087.0,0.23333333333333334,0.12556467580400224,0.11727349668601415
1088.0,0.23333333333333334,0.12993405241198977,0.1149845404298028
1089.0,0.23333333333333334,0.12993405241198977,0.1149845404298028
1090.0,0.23333333333333334,0.12993405241198977,0.1149845404298028
1091.0,0.23333333333333334,0.12993405241198977,0.1149845404298028
1092.0,0.23333333333333334,0.12993405241198977,0.1149845404298028
1093.0,0.23333333333333334,0.12993405241198977,0.1149845404298028
1094.0,0.23333333333333334,0.12993405241198977,0.1149845404298028
1095.0,0.23333333333333334,0.12993405241198977,0.1149845404298028
1096.0,0.21666666666666667,0.14650661742074483,0.13172728027139408
1097.0,0.21666666666666667,0.14650661742074483,0.13172728027139408
1098.0,0.21666666666666667,0.14650661742074483,0.13172728027139408
1099.0,0.21666666666666667,0.14650661742074483,0.13172728027139408
1100.0,0.21666666666666667,0.14650661742074483,0.13172728027139408
1101.0,0.21666666666666667,0.14650661742074483,0.13172728027139408
1102.0,0.21666666666666667,0.14650661742074483,0.13172728027139408
1103.0,0.21666666666666667,0.19703940403087644,0.17243349611108963
1104.0,0.21666666666666667,0.20043120043120044,0.17832221859569056
1105.0,0.21666666666666667,0.20043120043120044,0.17832221859569056
1106.0,0.21666666666666667,0.20043120043120044,0.17832221859569056
1107.0,0.21666666666666667,0.20043120043120044,0.17832221859569056
1108.0,0.2,0.22414755771193132,0.19902884038953775
1109.0,0.18333333333333332,0.22420730416032958,0.1979086460411479
1110.0,0.18333333333333332,0.22420730416032958,0.1979086460411479
1111.0,0.18333333333333332,0.22420730416032958,0.1979086460411479
1112.0,0.18333333333333332,0.2539407587043132,0.22777023339169278
1113.0,0.16666666666666666,0.2551766607651451,0.2264032670643243
1114.0,0.16666666666666666,0.2551766607651451,0.2264032670643243
1115.0,0.15,0.25871125392030475,0.22595953494000648
1116.0,0.13333333333333333,0.2996594778660613,0.2563287321701576
1117.0,0.11666666666666667,0.3475585129911341,0.2882988354777319
1118.0,0.1,0.36022456356225485,0.2928261460192447
1119.0,0.08333333333333333,0.41831145619126325,0.3354745555218318
1120.0,0.08333333333333333,0.41831145619126325,0.3354745555218318
1121.0,0.08333333333333333,0.41831145619126325,0.3354745555218318
1122.0,0.08333333333333333,0.4637291262322489,0.3784960713489446
1123.0,0.06666666666666667,0.5828466031355671,0.47750401727533803
1124.0,0.06666666666666667,0.5828466031355671,0.47750401727533803
1125.0,0.06666666666666667,0.6361453190140439,0.5345530137984975
1126.0,0.05,0.6612125751377926,0.551577994459801
1127.0,0.05,0.6612125751377926,0.551577994459801
1128.0,0.03333333333333333,0.7463144963144963,0.6627851445282925
1129.0,0.03333333333333333,0.7769911164834321,0.6958212640905204
1130.0,0.03333333333333333,0.7769911164834321,0.6958212640905204
1131.0,0.03333333333333333,0.7769911164834321,0.6958212640905204
1132.0,0.03333333333333333,0.7769911164834321,0.6958212640905204
1133.0,0.016666666666666666,0.8721400763285581,0.8224151201130813
1134.0,0.016666666666666666,0.8721400763285581,0.8224151201130813
1135.0,0.016666666666666666,0.8721400763285581,0.8224151201130813
1136.0,0.016666666666666666,0.8721400763285581,0.8224151201130813
1137.0,0.016666666666666666,0.8721400763285581,0.8224151201130813
1138.0,0.016666666666666666,0.8721400763285581,0.8224151201130813
1139.0,0.0,0.936637005216324,0.9188306528756411
1140.0,0.0,0.936637005216324,0.9188306528756411
1141.0,0.0,0.936637005216324,0.9188306528756411
1142.0,0.0,0.936637005216324,0.9188306528756411
1143.0,0.0,0.936637005216324,0.9188306528756411
1144.0,0.0,0.936637005216324,0.9188306528756411
1145.0,0.0,0.936637005216324,0.9188306528756411
1146.0,0.0,0.936637005216324,0.9188306528756411
1147.0,0.0,0.936637005216324,0.9188306528756411
1148.0,0.0,0.936637005216324,0.9188306528756411
1149.0,0.0,0.936637005216324,0.9188306528756411
1150.0,0.0,0.936637005216324,0.9188306528756411
1151.0,0.0,0.936637005216324,0.9188306528756411
1152.0,0.0,0.936637005216324,0.9188306528756411
1153.0,0.0,0.936637005216324,0.9188306528756411
1154.0,0.0,0.936637005216324,0.9188306528756411
1155.0,0.0,0.936637005216324,0.9188306528756411
1156.0,0.0,0.936637005216324,0.9188306528756411
1157.0,0.0,0.936637005216324,0.9188306528756411
1158.0,0.0,0.936637005216324,0.9188306528756411
1159.0,0.0,0.936637005216324,0.9188306528756411
1160.0,0.0,0.936637005216324,0.9188306528756411
1161.0,0.0,0.936637005216324,0.9188306528756411
1162.0,0.0,0.936637005216324,0.9188306528756411
1163.0,0.0,0.936637005216324,0.9188306528756411
1164.0,0.0,0.936637005216324,0.9188306528756411
1165.0,0.0,0.936637005216324,0.9188306528756411
1166.0,0.0,0.936637005216324,0.9188306528756411
1167.0,0.0,0.936637005216324,0.9188306528756411
1168.0,0.0,0.936637005216324,0.9188306528756411
1169.0,0.0,0.936637005216324,0.9188306528756411
1170.0,0.0,0.936637005216324,0.9188306528756411
1171.0,0.0,0.936637005216324,0.9188306528756411
1172.0,0.0,0.936637005216324,0.9188306528756411
1173.0,0.0,0.936637005216324,0.9188306528756411
1174.0,0.0,0.936637005216324,0.9188306528756411
1175.0,0.0,0.936637005216324,0.9188306528756411
1176.0,0.0,0.936637005216324,0.9188306528756411
1177.0,0.0,0.936637005216324,0.9188306528756411
1178.0,0.0,0.936637005216324,0.9188306528756411
1179.0,0.0,0.936637005216324,0.9188306528756411
1180.0,0.0,0.936637005216324,0.9188306528756411
1181.0,0.0,0.936637005216324,0.9188306528756411
1182.0,0.0,0.936637005216324,0.9188306528756411
1183.0,0.0,0.936637005216324,0.9188306528756411
1184.0,0.0,0.936637005216324,0.9188306528756411
1185.0,0.0,0.936637005216324,0.9188306528756411
1186.0,0.0,0.936637005216324,0.9188306528756411
1187.0,0.0,0.936637005216324,0.9188306528756411
1188.0,0.0,0.936637005216324,0.9188306528756411
1189.0,0.0,0.936637005216324,0.9188306528756411
1190.0,0.0,0.936637005216324,0.9188306528756411
1191.0,0.0,0.936637005216324,0.9188306528756411
1192.0,0.0,0.936637005216324,0.9188306528756411
1193.0,0.0,0.936637005216324,0.9188306528756411
1194.0,0.0,0.936637005216324,0.9188306528756411
1195.0,0.0,0.936637005216324,0.9188306528756411
1196.0,0.0,0.936637005216324,0.9188306528756411
1197.0,0.0,0.936637005216324,0.9188306528756411
1198.0,0.0,0.936637005216324,0.9188306528756411
1199.0,0.0,0.936637005216324,0.9188306528756411
1200.0,0.0,0.936637005216324,0.9188306528756411
1201.0,0.0,0.936637005216324,0.9188306528756411
1202.0,0.0,0.936637005216324,0.9188306528756411
1203.0,0.0,0.936637005216324,0.9188306528756411
1204.0,0.0,0.936637005216324,0.9188306528756411
1205.0,0.0,0.936637005216324,0.9188306528756411
1206.0,0.0,0.936637005216324,0.9188306528756411
1207.0,0.0,0.936637005216324,0.9188306528756411
1208.0,0.0,0.936637005216324,0.9188306528756411
1209.0,0.0,0.936637005216324,0.9188306528756411
1210.0,0.0,0.936637005216324,0.9188306528756411
1211.0,0.0,0.936637005216324,0.9188306528756411
1212.0,0.0,0.936637005216324,0.9188306528756411
1213.0,0.0,0.936637005216324,0.9188306528756411
1214.0,0.0,0.936637005216324,0.9188306528756411
1215.0,0.0,0.936637005216324,0.9188306528756411
1216.0,0.0,0.936637005216324,0.9188306528756411
1217.0,0.0,0.936637005216324,0.9188306528756411
1218.0,0.016666666666666666,0.8721400763285581,0.8224151201130813
1219.0,0.016666666666666666,0.8721400763285581,0.8224151201130813
1220.0,0.016666666666666666,0.8721400763285581,0.8224151201130813
1221.0,0.016666666666666666,0.8721400763285581,0.8224151201130813
1222.0,0.016666666666666666,0.8721400763285581,0.8224151201130813
1223.0,0.016666666666666666,0.8721400763285581,0.8224151201130813
1224.0,0.016666666666666666,0.8721400763285581,0.8224151201130813
1225.0,0.016666666666666666,0.8721400763285581,0.8224151201130813
1226.0,0.016666666666666666,0.8721400763285581,0.8224151201130813
1227.0,0.016666666666666666,0.8721400763285581,0.8224151201130813
1228.0,0.016666666666666666,0.8721400763285581,0.8224151201130813
1229.0,0.016666666666666666,0.8721400763285581,0.8224151201130813
1230.0,0.016666666666666666,0.8721400763285581,0.8224151201130813
1231.0,0.016666666666666666,0.8721400763285581,0.8224151201130813
1232.0,0.016666666666666666,0.8721400763285581,0.8224151201130813
1233.0,0.016666666666666666,0.8721400763285581,0.8224151201130813
1234.0,0.016666666666666666,0.8721400763285581,0.8224151201130813
1235.0,0.016666666666666666,0.8721400763285581,0.8224151201130813
1236.0,0.016666666666666666,0.8721400763285581,0.8224151201130813
1237.0,0.016666666666666666,0.8721400763285581,0.8224151201130813
1238.0,0.016666666666666666,0.8721400763285581,0.8224151201130813
1239.0,0.0,0.936637005216324,0.9188306528756411
1240.0,0.0,0.936637005216324,0.9188306528756411
1241.0,0.0,0.936637005216324,0.9188306528756411
1242.0,0.0,0.936637005216324,0.9188306528756411
1243.0,0.0,0.936637005216324,0.9188306528756411
1244.0,0.0,0.936637005216324,0.9188306528756411
1245.0,0.0,0.936637005216324,0.9188306528756411
1246.0,0.0,0.936637005216324,0.9188306528756411
1247.0,0.0,0.936637005216324,0.9188306528756411
1248.0,0.0,0.936637005216324,0.9188306528756411
1249.0,0.016666666666666666,0.8721400763285581,0.8224151201130813
1250.0,0.016666666666666666,0.8721400763285581,0.8224151201130813
1251.0,0.016666666666666666,0.8721400763285581,0.8224151201130813
1252.0,0.016666666666666666,0.8721400763285581,0.8224151201130813
1253.0,0.016666666666666666,0.8721400763285581,0.8224151201130813
1254.0,0.016666666666666666,0.8721400763285581,0.8224151201130813
1255.0,0.016666666666666666,0.8721400763285581,0.8224151201130813
1256.0,0.03333333333333333,0.809911015648972,0.7564919586269233
1257.0,0.03333333333333333,0.809911015648972,0.7564919586269233
1258.0,0.03333333333333333,0.809911015648972,0.7564919586269233
1259.0,0.03333333333333333,0.7598863549105429,0.7231039474687544
1260.0,0.03333333333333333,0.7837749678607748,0.7378711360161075
1261.0,0.03333333333333333,0.7837749678607748,0.7378711360161075
1262.0,0.03333333333333333,0.7382511667210816,0.7111414939835353
1263.0,0.03333333333333333,0.7382511667210816,0.7111414939835353
1264.0,0.03333333333333333,0.7188748847217953,0.7013719235044663
1265.0,0.03333333333333333,0.6813385357602784,0.633785329431703
1266.0,0.03333333333333333,0.6630775442711838,0.6248944162458454
1267.0,0.03333333333333333,0.6630775442711838,0.6248944162458454
1268.0,0.03333333333333333,0.6630775442711838,0.6248944162458454
1269.0,0.05,0.6097523457929549,0.5786245530853045
1270.0,0.05,0.6097523457929549,0.5786245530853045
1271.0,0.05,0.6097523457929549,0.5786245530853045
1272.0,0.05,0.6097523457929549,0.5786245530853045
1273.0,0.05,0.6097523457929549,0.5786245530853045
1274.0,0.05,0.5948721894173992,0.5724043900584165
1275.0,0.05,0.5446777390735359,0.524949175814196
1276.0,0.05,0.5446777390735359,0.524949175814196
1277.0,0.05,0.5446777390735359,0.524949175814196
1278.0,0.05,0.5446777390735359,0.524949175814196
1279.0,0.05,0.5446777390735359,0.524949175814196
1280.0,0.05,0.4970074860958759,0.4465111315542032
1281.0,0.05,0.4970074860958759,0.4465111315542032
1282.0,0.03333333333333333,0.5447303096195663,0.4889044831234447
1283.0,0.03333333333333333,0.5447303096195663,0.4889044831234447
1284.0,0.03333333333333333,0.5447303096195663,0.4889044831234447
1285.0,0.03333333333333333,0.5447303096195663,0.4889044831234447
1286.0,0.03333333333333333,0.4971042656764089,0.435448090144788
1287.0,0.03333333333333333,0.4971042656764089,0.435448090144788
1288.0,0.03333333333333333,0.4971042656764089,0.435448090144788
1289.0,0.03333333333333333,0.4971042656764089,0.435448090144788
1290.0,0.03333333333333333,0.4971042656764089,0.435448090144788
1291.0,0.03333333333333333,0.4971042656764089,0.435448090144788
1292.0,0.05,0.41854019094548817,0.363400327410081
1293.0,0.05,0.41854019094548817,0.363400327410081
1294.0,0.05,0.4628827684431357,0.40393186585773416
1295.0,0.05,0.4628827684431357,0.40393186585773416
1296.0,0.05,0.4628827684431357,0.40393186585773416
1297.0,0.05,0.41854019094548817,0.363400327410081
1298.0,0.08333333333333333,0.3367213367213367,0.29890121712306245
1299.0,0.08333333333333333,0.3081810655216897,0.27461034823025543
1300.0,0.08333333333333333,0.3081810655216897,0.27461034823025543
1301.0,0.08333333333333333,0.3081810655216897,0.27461034823025543
1302.0,0.1,0.2718573711469224,0.24823397727462823
1303.0,0.11666666666666667,0.26408992916538343,0.24817353781562174
1304.0,0.11666666666666667,0.26408992916538343,0.24817353781562174
1305.0,0.1,0.2718573711469224,0.24823397727462823
1306.0,0.1,0.2718573711469224,0.24823397727462823
1307.0,0.08333333333333333,0.28192882452626716,0.2542852233834833
1308.0,0.08333333333333333,0.28192882452626716,0.2542852233834833
1309.0,0.08333333333333333,0.28192882452626716,0.2542852233834833
1310.0,0.1,0.3329416976444076,0.2992372567954337
1311.0,0.1,0.2943045898418691,0.2659822708295537
1312.0,0.1,0.2943045898418691,0.2659822708295537
1313.0,0.11666666666666667,0.27149268969236995,0.2507118340288336
1314.0,0.11666666666666667,0.27149268969236995,0.2507118340288336
1315.0,0.11666666666666667,0.27149268969236995,0.2507118340288336
1316.0,0.11666666666666667,0.27149268969236995,0.2507118340288336
1317.0,0.11666666666666667,0.27149268969236995,0.2507118340288336
1318.0,0.11666666666666667,0.27149268969236995,0.2507118340288336
1319.0,0.13333333333333333,0.28732155585951796,0.2700527031031699
1320.0,0.13333333333333333,0.28732155585951796,0.2700527031031699
